"Variable","States","TrainLL","NormTrainLL","TestLL","NormTestLL"
"Sub_metering_3",4,661930.3140561,20.6208820578224,303551.968713586,21.0799978273323
