"Variable","States","LogLikelihood","NormalizedTrainLL","BIC","TestLL","NormalizedTestLL","Notes"
"Global_active_power",4,-18558.2558755751,-0.578138812323212,37407.0568678055,-8776.50404143564,-0.60947944732192,""
"Voltage",4,-15073.2468467743,-0.469571552859011,30437.0388102038,-7602.41937819806,-0.527945790152643,""
"Sub_metering_3",4,38679.969546966,1.20498347498337,-77069.3939772768,19054.6306019439,1.3232382362461,"WARNING: Positive log-likelihood indicates model issues"
