"","Global_active_power","Global_reactive_power","Voltage","Global_intensity","Sub_metering_1","Sub_metering_2","Sub_metering_3"
"Global_active_power",1,0.139949924894748,-0.295891550026296,0.722941333295399,0.282425166171336,0.296666731882225,0.443487250664487
"Global_reactive_power",0.139949924894748,1,-0.115090513647835,0.26276801150476,0.1339790687701,0.141276525567884,0.0807886371141314
"Voltage",-0.295891550026296,-0.115090513647835,1,-0.414042299112333,-0.197413471265649,-0.17299928790767,-0.281851672908312
"Global_intensity",0.722941333295399,0.26276801150476,-0.414042299112333,1,0.487715479468908,0.449014245370548,0.616902408573897
"Sub_metering_1",0.282425166171336,0.1339790687701,-0.197413471265649,0.487715479468908,1,0.0591531336912676,0.107331209259986
"Sub_metering_2",0.296666731882225,0.141276525567884,-0.17299928790767,0.449014245370548,0.0591531336912676,1,0.0888323828176485
"Sub_metering_3",0.443487250664487,0.0807886371141314,-0.281851672908312,0.616902408573897,0.107331209259986,0.0888323828176485,1
